Temp (0C),Sw.Freq.,MN,MP,M_DRVRN,M_DRVRP,RL(Ohms),No. Phases,Pass/Fail,Eff1(%),HSLoss(W),LSLoss(W),Pin(W),Pout(W),VDD(W),Closs(W),Lloss(W),,,,
27,1.00E+08,16,42,3,8,0.5,8,fail,78.79,1.93E-01,1.08E-01,2.18,1.719,1.45E-03,7.10E-06,1.10E-01,,,(um),
27,1.00E+08,19,50,4,10,0.5,8,fail,80.51,1.70E-01,9.56E-02,2.229,1.796,1.81E-03,4.74E-06,1.15E-01,,MP,5040,5mm-25mm
27,1.00E+08,22,58,5,12,0.5,8,fail,81.74,1.53E-01,8.55E-02,2.267,1.855,2.21E-03,1.06E-06,1.19E-01,,,12000,
27,1.00E+08,25,67,5,13,0.5,8,fail,82.73,1.39E-01,7.77E-02,2.3,1.905,2.55E-03,7.20E-06,1.22E-01,,,24960,
27,1.00E+08,28,75,6,15,0.5,8,fail,83.42,1.30E-01,7.10E-02,2.325,1.942,3.03E-03,1.15E-05,1.24E-01,,M_DRVRP,960,
27,1.00E+08,31,83,7,17,0.5,8,fail,83.95,1.23E-01,6.48E-02,2.347,1.973,3.53E-03,1.42E-05,1.26E-01,,,2400,
27,1.00E+08,34,92,7,18,0.5,8,fail,84.41,1.17E-01,6.00E-02,2.368,2.002,3.95E-03,1.95E-05,1.28E-01,,,5040,
27,1.00E+08,38,100,8,20,0.5,8,fail,84.79,1.14E-01,5.47E-02,2.387,2.028,4.55E-03,1.95E-05,1.30E-01,,IL= 166mA-100mA,,
27,1.00E+08,41,108,9,22,0.5,8,pass,85.05,1.09E-01,5.03E-02,2.402,2.047,5.06E-03,1.84E-05,1.31E-01,,,,
27,1.00E+08,44,117,9,23,0.5,8,pass,85.28,1.06E-01,4.71E-02,2.417,2.066,5.48E-03,2.10E-05,1.32E-01,,,,
27,1.00E+08,47,125,10,25,0.5,8,pass,85.45,1.04E-01,4.43E-02,2.43,2.082,5.99E-03,2.21E-05,1.33E-01,,,,
27,1.00E+08,50,133,11,27,0.5,8,pass,85.56,1.02E-01,4.16E-02,2.443,2.096,6.51E-03,2.18E-05,1.34E-01,,,,
27,1.00E+08,53,142,11,28,0.5,8,pass,85.67,1.00E-01,3.96E-02,2.455,2.109,6.92E-03,2.24E-05,1.35E-01,,,,
27,1.00E+08,56,150,12,30,0.5,8,pass,85.73,1.00E-01,3.80E-02,2.466,2.12,7.42E-03,2.10E-05,1.36E-01,,,,
27,1.00E+08,59,158,13,32,0.5,8,pass,85.76,9.90E-02,3.63E-02,2.477,2.131,7.90E-03,2.23E-05,1.36E-01,,,,
27,1.00E+08,62,167,13,33,0.5,8,pass,85.78,9.89E-02,3.52E-02,2.488,2.141,8.25E-03,2.05E-05,1.37E-01,,,,
27,1.00E+08,66,175,14,35,0.5,8,pass,85.77,9.91E-02,3.39E-02,2.498,2.15,8.81E-03,2.05E-05,1.38E-01,,,,
27,1.00E+08,69,183,15,37,0.5,8,pass,85.77,9.87E-02,3.30E-02,2.507,2.158,9.26E-03,2.07E-05,1.38E-01,,,,
27,1.00E+08,72,192,15,38,0.5,8,pass,85.74,9.88E-02,3.26E-02,2.516,2.166,9.57E-03,2.62E-05,1.39E-01,,,,
27,1.00E+08,75,200,16,40,0.5,8,pass,85.68,9.94E-02,3.25E-02,2.525,2.172,1.00E-02,2.50E-05,1.39E-01,,,,
27,1.00E+08,78,208,17,42,0.5,8,pass,85.62,9.98E-02,3.24E-02,2.534,2.178,1.05E-02,2.45E-05,1.40E-01,,,,
27,1.00E+08,16,42,3,8,0.75,8,fail,82.8,1.05E-01,5.80E-02,1.573,1.304,1.50E-03,2.38E-06,5.56E-02,,,,
27,1.00E+08,19,50,4,10,0.75,8,fail,84.05,9.28E-02,5.06E-02,1.598,1.345,1.92E-03,2.62E-07,5.74E-02,,,,
27,1.00E+08,22,58,5,12,0.75,8,fail,84.89,8.49E-02,4.48E-02,1.619,1.376,2.39E-03,3.19E-06,5.87E-02,,,,
27,1.00E+08,25,67,5,13,0.75,8,pass,85.58,7.83E-02,4.02E-02,1.636,1.403,2.80E-03,1.33E-05,5.99E-02,,,,
27,1.00E+08,28,75,6,15,0.75,8,pass,86.02,7.41E-02,3.61E-02,1.651,1.423,3.30E-03,1.29E-05,6.07E-02,,,,
27,1.00E+08,31,83,7,17,0.75,8,pass,86.38,7.05E-02,3.26E-02,1.663,1.44,3.79E-03,1.06E-05,6.16E-02,,,,
27,1.00E+08,34,92,7,18,0.75,8,pass,86.64,6.83E-02,2.99E-02,1.676,1.456,4.21E-03,1.71E-05,6.22E-02,,,,
27,1.00E+08,38,100,8,20,0.75,8,pass,86.84,6.65E-02,2.69E-02,1.687,1.469,4.83E-03,1.63E-05,6.28E-02,,,,
27,1.00E+08,41,108,9,22,0.75,8,pass,86.93,6.56E-02,2.52E-02,1.697,1.48,5.34E-03,1.33E-05,6.32E-02,,,,
27,1.00E+08,44,117,9,23,0.75,8,pass,87.02,6.44E-02,2.37E-02,1.706,1.49,5.75E-03,1.87E-05,6.37E-02,,,,
27,1.00E+08,47,125,10,25,0.75,8,pass,87.04,6.34E-02,2.25E-02,1.715,1.498,6.23E-03,1.64E-05,6.41E-02,,,,
27,1.00E+08,50,133,11,27,0.75,8,pass,87.03,6.36E-02,2.19E-02,1.723,1.505,6.70E-03,1.38E-05,6.44E-02,,,,
27,1.00E+08,53,142,11,28,0.75,8,pass,86.99,6.31E-02,2.13E-02,1.732,1.512,7.02E-03,1.67E-05,6.47E-02,,,,
27,1.00E+08,56,150,12,30,0.75,8,pass,86.93,6.32E-02,2.11E-02,1.739,1.518,7.45E-03,1.21E-05,6.49E-02,,,,
27,1.00E+08,59,158,13,32,0.75,8,pass,86.85,6.29E-02,2.09E-02,1.746,1.523,7.90E-03,1.19E-05,6.52E-02,,,,
27,1.00E+08,62,167,13,33,0.75,8,pass,86.76,6.35E-02,2.11E-02,1.754,1.529,8.22E-03,1.54E-05,6.54E-02,,,,
27,1.00E+08,66,175,14,35,0.75,8,pass,86.64,6.40E-02,2.11E-02,1.761,1.533,8.77E-03,1.35E-05,6.56E-02,,,,
27,1.00E+08,69,183,15,37,0.75,8,pass,86.51,6.47E-02,2.15E-02,1.768,1.537,9.21E-03,1.03E-05,6.58E-02,,,,
27,1.00E+08,72,192,15,38,0.75,8,pass,86.41,6.54E-02,2.18E-02,1.774,1.541,9.53E-03,1.19E-05,6.61E-02,,,,
27,1.00E+08,75,200,16,40,0.75,8,pass,86.26,6.59E-02,2.23E-02,1.781,1.545,9.96E-03,1.07E-05,6.62E-02,,,,
27,1.00E+08,78,208,17,42,0.75,8,pass,86.11,6.66E-02,2.28E-02,1.787,1.548,1.04E-02,8.41E-06,6.63E-02,,,,
27,1.00E+08,16,42,3,8,1,8,fail,84.64,6.67E-02,3.85E-02,1.239,1.05,1.56E-03,8.24E-06,3.36E-02,,,,
27,1.00E+08,19,50,4,10,1,8,pass,85.61,5.93E-02,3.33E-02,1.254,1.075,2.02E-03,1.08E-05,3.44E-02,,,,
27,1.00E+08,22,58,5,12,1,8,pass,86.3,5.40E-02,2.93E-02,1.266,1.095,2.51E-03,1.53E-05,3.51E-02,,,,
27,1.00E+08,25,67,5,13,1,8,pass,86.8,4.98E-02,2.58E-02,1.278,1.112,2.93E-03,1.92E-05,3.57E-02,,,,
27,1.00E+08,28,75,6,15,1,8,pass,87.1,4.80E-02,2.34E-02,1.287,1.124,3.43E-03,1.97E-05,3.60E-02,,,,
27,1.00E+08,31,83,7,17,1,8,pass,87.28,4.60E-02,2.09E-02,1.296,1.135,3.94E-03,1.62E-05,3.64E-02,,,,
27,1.00E+08,34,92,7,18,1,8,pass,87.43,4.49E-02,1.93E-02,1.304,1.144,4.36E-03,1.92E-05,3.67E-02,,,,
27,1.00E+08,38,100,8,20,1,8,pass,87.5,4.39E-02,1.74E-02,1.312,1.152,4.98E-03,1.41E-05,3.71E-02,,,,
27,1.00E+08,41,108,9,22,1,8,pass,87.47,4.40E-02,1.66E-02,1.32,1.159,5.46E-03,1.10E-05,3.73E-02,,,,
27,1.00E+08,44,117,9,23,1,8,pass,87.41,4.35E-02,1.60E-02,1.327,1.165,5.80E-03,1.48E-05,3.74E-02,,,,
27,1.00E+08,47,125,10,25,1,8,pass,87.31,4.37E-02,1.57E-02,1.334,1.17,6.25E-03,9.28E-06,3.76E-02,,,,
27,1.00E+08,50,133,11,27,1,8,pass,87.21,4.37E-02,1.56E-02,1.34,1.174,6.70E-03,1.15E-05,3.78E-02,,,,
27,1.00E+08,53,142,11,28,1,8,pass,87.06,4.44E-02,1.58E-02,1.347,1.179,7.01E-03,1.10E-05,3.79E-02,,,,
27,1.00E+08,56,150,12,30,1,8,pass,86.88,4.49E-02,1.61E-02,1.353,1.182,7.46E-03,7.29E-06,3.80E-02,,,,
27,1.00E+08,59,158,13,32,1,8,pass,86.7,4.56E-02,1.65E-02,1.359,1.185,7.90E-03,3.03E-06,3.81E-02,,,,
27,1.00E+08,62,167,13,33,1,8,pass,86.54,4.63E-02,1.70E-02,1.365,1.188,8.21E-03,5.91E-06,3.82E-02,,,,
27,1.00E+08,66,175,14,35,1,8,pass,86.32,4.71E-02,1.74E-02,1.371,1.191,8.76E-03,5.16E-06,3.83E-02,,,,
27,1.00E+08,69,183,15,37,1,8,pass,86.1,4.82E-02,1.81E-02,1.377,1.194,9.20E-03,3.97E-07,3.84E-02,,,,
27,1.00E+08,72,192,15,38,1,8,pass,85.92,4.90E-02,1.88E-02,1.382,1.196,9.52E-03,7.52E-07,3.86E-02,,,,
27,1.00E+08,75,200,16,40,1,8,pass,85.67,5.00E-02,1.96E-02,1.388,1.198,9.96E-03,2.03E-07,3.85E-02,,,,
27,1.00E+08,78,208,17,42,1,8,pass,85.43,5.13E-02,2.05E-02,1.394,1.2,1.04E-02,5.37E-06,3.86E-02,,,,
,,,,,,,,,,,,,,,,,,,,
27,8.00E+07,16,42,3,8,0.5,8,fail,78.54,1.97E-01,1.09E-01,2.192,1.723,1.16E-03,4.05E-06,1.10E-01,,,,
27,8.00E+07,19,50,4,10,0.5,8,fail,80.35,1.71E-01,9.62E-02,2.238,1.8,1.46E-03,2.88E-06,1.15E-01,,,,
27,8.00E+07,22,58,5,12,0.5,8,fail,81.66,1.53E-01,8.68E-02,2.273,1.858,1.77E-03,8.80E-06,1.19E-01,,,,
27,8.00E+07,25,67,5,13,0.5,8,fail,82.7,1.38E-01,7.88E-02,2.304,1.907,2.04E-03,2.02E-05,1.22E-01,,,,
27,8.00E+07,28,75,6,15,0.5,8,fail,83.43,1.28E-01,7.18E-02,2.327,1.944,2.41E-03,2.46E-05,1.24E-01,,,,
27,8.00E+07,31,83,7,17,0.5,8,fail,84.01,1.20E-01,6.57E-02,2.347,1.974,2.81E-03,3.78E-05,1.26E-01,,,,
27,8.00E+07,34,92,7,18,0.5,8,fail,84.53,1.12E-01,6.05E-02,2.365,2.002,3.14E-03,4.10E-05,1.28E-01,,,,
27,8.00E+07,38,100,8,20,0.5,8,fail,84.94,1.07E-01,5.47E-02,2.382,2.027,3.64E-03,4.52E-05,1.30E-01,,,,
27,8.00E+07,41,108,9,22,0.5,8,pass,85.24,1.03E-01,5.09E-02,2.396,2.045,4.05E-03,4.71E-05,1.31E-01,,,,
27,8.00E+07,44,117,9,23,0.5,8,pass,85.5,9.97E-02,4.79E-02,2.41,2.064,4.38E-03,5.21E-05,1.32E-01,,,,
27,8.00E+07,47,125,10,25,0.5,8,pass,85.69,9.63E-02,4.45E-02,2.421,2.079,4.80E-03,5.51E-05,1.33E-01,,,,
27,8.00E+07,50,133,11,27,0.5,8,pass,85.85,9.41E-02,4.19E-02,2.431,2.092,5.21E-03,5.76E-05,1.34E-01,,,,
27,8.00E+07,53,142,11,28,0.5,8,pass,86,9.21E-02,3.99E-02,2.442,2.105,5.53E-03,5.81E-05,1.35E-01,,,,
27,8.00E+07,56,150,12,30,0.5,8,pass,86.09,9.06E-02,3.76E-02,2.452,2.116,5.94E-03,6.37E-05,1.36E-01,,,,
27,8.00E+07,59,158,13,32,0.5,8,pass,86.17,8.98E-02,3.62E-02,2.461,2.126,6.34E-03,6.34E-05,1.36E-01,,,,
27,8.00E+07,62,167,13,33,0.5,8,pass,86.24,8.84E-02,3.49E-02,2.47,2.135,6.62E-03,6.34E-05,1.37E-01,,,,
27,8.00E+07,66,175,14,35,0.5,8,pass,86.29,8.64E-02,3.27E-02,2.478,2.144,7.08E-03,6.56E-05,1.37E-01,,,,
27,8.00E+07,69,183,15,37,0.5,8,pass,86.31,8.67E-02,3.21E-02,2.487,2.153,7.45E-03,7.32E-05,1.38E-01,,,,
27,8.00E+07,72,192,15,38,0.5,8,pass,86.33,8.55E-02,3.10E-02,2.494,2.16,7.71E-03,8.12E-05,1.38E-01,,,,
27,8.00E+07,75,200,16,40,0.5,8,pass,86.32,8.58E-02,3.08E-02,2.5,2.165,8.07E-03,6.75E-05,1.39E-01,,,,
27,8.00E+07,78,208,17,42,0.5,8,pass,86.3,8.57E-02,3.05E-02,2.507,2.171,8.42E-03,7.23E-05,1.39E-01,,,,
27,8.00E+07,16,42,3,8,0.75,8,fail,82.48,1.06E-01,6.14E-02,1.586,1.309,1.20E-03,1.40E-05,5.58E-02,,,,
27,8.00E+07,19,50,4,10,0.75,8,fail,83.85,9.24E-02,5.39E-02,1.608,1.349,1.52E-03,1.68E-05,5.76E-02,,,,
27,8.00E+07,22,58,5,12,0.75,8,fail,84.8,8.24E-02,4.78E-02,1.625,1.38,1.88E-03,2.54E-05,5.90E-02,,,,
27,8.00E+07,25,67,5,13,0.75,8,pass,85.56,7.42E-02,4.28E-02,1.64,1.405,2.20E-03,4.29E-05,6.01E-02,,,,
27,8.00E+07,28,75,6,15,0.75,8,pass,86.09,6.88E-02,3.86E-02,1.652,1.424,2.61E-03,4.46E-05,6.10E-02,,,,
27,8.00E+07,31,83,7,17,0.75,8,pass,86.5,6.46E-02,3.50E-02,1.662,1.44,3.01E-03,4.53E-05,6.18E-02,,,,
27,8.00E+07,34,92,7,18,0.75,8,pass,86.82,6.12E-02,3.20E-02,1.673,1.455,3.35E-03,5.69E-05,6.22E-02,,,,
27,8.00E+07,38,100,8,20,0.75,8,pass,87.09,6.00E-02,2.93E-02,1.682,1.468,3.85E-03,6.08E-05,6.26E-02,,,,
27,8.00E+07,41,108,9,22,0.75,8,pass,87.26,5.71E-02,2.70E-02,1.689,1.477,4.26E-03,5.11E-05,6.35E-02,,,,
27,8.00E+07,44,117,9,23,0.75,8,pass,87.39,5.59E-02,2.53E-02,1.697,1.487,4.59E-03,5.60E-05,6.37E-02,,,,
27,8.00E+07,47,125,10,25,0.75,8,pass,87.46,5.45E-02,2.36E-02,1.704,1.495,4.99E-03,5.92E-05,6.40E-02,,,,
27,8.00E+07,50,133,11,27,0.75,8,pass,87.51,5.38E-02,2.26E-02,1.711,1.502,5.38E-03,5.96E-05,6.43E-02,,,,
27,8.00E+07,53,142,11,28,0.75,8,pass,87.55,5.28E-02,2.17E-02,1.717,1.508,5.65E-03,5.81E-05,6.47E-02,,,,
27,8.00E+07,56,150,12,30,0.75,8,pass,87.54,5.12E-02,2.03E-02,1.723,1.514,6.02E-03,6.01E-05,6.48E-02,,,,
27,8.00E+07,59,158,13,32,0.75,8,pass,87.51,5.25E-02,2.05E-02,1.729,1.519,6.38E-03,5.70E-05,6.52E-02,,,,
27,8.00E+07,62,167,13,33,0.75,8,pass,87.48,5.24E-02,2.02E-02,1.735,1.524,6.64E-03,6.96E-05,6.52E-02,,,,
27,8.00E+07,66,175,14,35,0.75,8,pass,87.41,5.27E-02,1.99E-02,1.741,1.528,7.08E-03,5.76E-05,6.56E-02,,,,
27,8.00E+07,69,183,15,37,0.75,8,pass,87.34,5.25E-02,1.98E-02,1.747,1.532,7.44E-03,6.67E-05,6.55E-02,,,,
27,8.00E+07,72,192,15,38,0.75,8,pass,87.26,5.24E-02,1.99E-02,1.752,1.536,7.70E-03,7.45E-05,6.55E-02,,,,
27,8.00E+07,75,200,16,40,0.75,8,pass,87.16,5.20E-02,1.98E-02,1.757,1.539,8.06E-03,7.38E-05,6.55E-02,,,,
27,8.00E+07,78,208,17,42,0.75,8,pass,87.06,5.38E-02,2.04E-02,1.763,1.542,8.42E-03,7.15E-05,6.60E-02,,,,
27,8.00E+07,16,42,3,8,1,8,fail,84.11,6.83E-02,4.27E-02,1.251,1.054,1.23E-03,3.07E-05,3.38E-02,,,,
27,8.00E+07,19,50,4,10,1,8,pass,85.24,5.89E-02,3.72E-02,1.263,1.078,1.58E-03,3.40E-05,3.47E-02,,,,
27,8.00E+07,22,58,5,12,1,8,pass,86.01,5.25E-02,3.28E-02,1.273,1.096,1.97E-03,3.98E-05,3.52E-02,,,,
27,8.00E+07,25,67,5,13,1,8,pass,86.62,4.72E-02,2.91E-02,1.281,1.112,2.31E-03,5.70E-05,3.58E-02,,,,
27,8.00E+07,28,75,6,15,1,8,pass,87.04,4.36E-02,2.60E-02,1.288,1.124,2.71E-03,4.90E-05,3.63E-02,,,,
27,8.00E+07,31,83,7,17,1,8,pass,87.32,4.16E-02,2.37E-02,1.295,1.133,3.12E-03,5.16E-05,3.65E-02,,,,
27,8.00E+07,34,92,7,18,1,8,pass,87.53,4.00E-02,2.16E-02,1.302,1.142,3.46E-03,6.36E-05,3.66E-02,,,,
27,8.00E+07,38,100,8,20,1,8,pass,87.67,3.78E-02,1.90E-02,1.308,1.15,3.96E-03,6.20E-05,3.70E-02,,,,
27,8.00E+07,41,108,9,22,1,8,pass,87.76,3.72E-02,1.79E-02,1.313,1.156,4.36E-03,5.48E-05,3.74E-02,,,,
27,8.00E+07,44,117,9,23,1,8,pass,87.8,3.69E-02,1.71E-02,1.318,1.161,4.66E-03,5.33E-05,3.75E-02,,,,
27,8.00E+07,47,125,10,25,1,8,pass,87.78,3.64E-02,1.63E-02,1.323,1.166,5.04E-03,6.15E-05,3.76E-02,,,,
27,8.00E+07,50,133,11,27,1,8,pass,87.72,3.61E-02,1.56E-02,1.329,1.17,5.40E-03,5.14E-05,3.77E-02,,,,
27,8.00E+07,53,142,11,28,1,8,pass,87.67,3.63E-02,1.54E-02,1.334,1.175,5.66E-03,7.02E-05,3.76E-02,,,,
27,8.00E+07,56,150,12,30,1,8,pass,87.58,3.67E-02,1.55E-02,1.339,1.178,6.02E-03,6.83E-05,3.79E-02,,,,
27,8.00E+07,59,158,13,32,1,8,pass,87.47,3.66E-02,1.54E-02,1.343,1.18,6.38E-03,4.25E-05,3.82E-02,,,,
27,8.00E+07,62,167,13,33,1,8,pass,87.35,3.68E-02,1.54E-02,1.348,1.184,6.63E-03,6.95E-05,3.79E-02,,,,
27,8.00E+07,66,175,14,35,1,8,pass,87.2,3.75E-02,1.57E-02,1.353,1.186,7.08E-03,6.80E-05,3.80E-02,,,,
27,8.00E+07,69,183,15,37,1,8,pass,87.06,3.75E-02,1.58E-02,1.358,1.188,7.44E-03,6.00E-05,3.80E-02,,,,
27,8.00E+07,72,192,15,38,1,8,pass,86.91,3.86E-02,1.63E-02,1.362,1.19,7.69E-03,5.23E-05,3.84E-02,,,,
27,8.00E+07,75,200,16,40,1,8,pass,86.74,3.93E-02,1.67E-02,1.367,1.192,8.04E-03,6.29E-05,3.84E-02,,,,
27,8.00E+07,78,208,17,42,1,8,pass,86.57,4.00E-02,1.72E-02,1.371,1.195,8.41E-03,6.61E-05,3.83E-02,,,,
,,,,,,,,,,,,,,,,,,,,
27,1.20E+08,16,42,3,8,0.5,8,fail,78.73,1.93E-01,1.08E-01,2.177,1.715,1.74E-03,7.70E-06,1.10E-01,,,,
27,1.20E+08,19,50,4,10,0.5,8,fail,80.4,1.71E-01,9.57E-02,2.228,1.793,2.18E-03,8.04E-06,1.15E-01,,,,
27,1.20E+08,22,58,5,12,0.5,8,fail,81.57,1.55E-01,8.60E-02,2.267,1.852,2.65E-03,7.12E-06,1.19E-01,,,,
27,1.20E+08,25,67,5,13,0.5,8,fail,82.52,1.42E-01,7.80E-02,2.302,1.902,3.06E-03,2.53E-07,1.22E-01,,,,
27,1.20E+08,28,75,6,15,0.5,8,fail,83.17,1.34E-01,7.13E-02,2.33,1.941,3.65E-03,3.38E-06,1.24E-01,,,,
27,1.20E+08,31,83,7,17,0.5,8,fail,83.69,1.27E-01,6.51E-02,2.353,1.973,4.25E-03,3.30E-06,1.26E-01,,,,
27,1.20E+08,34,92,7,18,0.5,8,fail,84.12,1.22E-01,6.02E-02,2.376,2.003,4.73E-03,7.53E-08,1.28E-01,,,,
27,1.20E+08,38,100,8,20,0.5,8,fail,84.46,1.19E-01,5.43E-02,2.397,2.029,5.46E-03,1.13E-06,1.30E-01,,,,
27,1.20E+08,41,108,9,22,0.5,8,fail,84.68,1.16E-01,5.06E-02,2.414,2.05,6.06E-03,7.94E-06,1.31E-01,,,,
27,1.20E+08,44,117,9,23,0.5,8,fail,84.88,1.13E-01,4.74E-02,2.431,2.069,6.56E-03,3.57E-07,1.33E-01,,,,
27,1.20E+08,47,125,10,25,0.5,8,pass,85.01,1.12E-01,4.47E-02,2.446,2.085,7.18E-03,3.11E-06,1.34E-01,,,,
27,1.20E+08,50,133,11,27,0.5,8,pass,85.09,1.11E-01,4.24E-02,2.46,2.099,7.81E-03,7.99E-06,1.35E-01,,,,
27,1.20E+08,53,142,11,28,0.5,8,pass,85.17,1.10E-01,4.04E-02,2.474,2.114,8.30E-03,3.48E-06,1.35E-01,,,,
27,1.20E+08,56,150,12,30,0.5,8,pass,85.19,1.09E-01,3.88E-02,2.486,2.125,8.89E-03,9.77E-06,1.36E-01,,,,
27,1.20E+08,59,158,13,32,0.5,8,pass,85.19,1.09E-01,3.76E-02,2.498,2.136,9.46E-03,7.06E-06,1.37E-01,,,,
27,1.20E+08,62,167,13,33,0.5,8,pass,85.17,1.09E-01,3.66E-02,2.51,2.146,9.85E-03,1.21E-05,1.38E-01,,,,
27,1.20E+08,66,175,14,35,0.5,8,pass,85.13,1.10E-01,3.56E-02,2.522,2.156,1.05E-02,1.13E-05,1.38E-01,,,,
27,1.20E+08,69,183,15,37,0.5,8,pass,85.08,1.11E-01,3.52E-02,2.532,2.164,1.10E-02,1.40E-05,1.39E-01,,,,
27,1.20E+08,72,192,15,38,0.5,8,pass,85.01,1.11E-01,3.50E-02,2.543,2.172,1.14E-02,1.51E-05,1.39E-01,,,,
27,1.20E+08,75,200,16,40,0.5,8,fail,84.93,1.12E-01,3.49E-02,2.553,2.179,1.20E-02,1.61E-05,1.40E-01,,,,
27,1.20E+08,78,208,17,42,0.5,8,fail,84.85,1.13E-01,3.50E-02,2.563,2.185,1.25E-02,1.09E-05,1.40E-01,,,,
27,1.20E+08,16,42,3,8,0.75,8,fail,82.79,1.05E-01,5.68E-02,1.57,1.301,1.81E-03,5.12E-06,5.54E-02,,,,
27,1.20E+08,19,50,4,10,0.75,8,fail,83.94,9.45E-02,4.96E-02,1.597,1.343,2.32E-03,5.71E-06,5.73E-02,,,,
27,1.20E+08,22,58,5,12,0.75,8,fail,84.73,8.73E-02,4.38E-02,1.619,1.375,2.90E-03,7.33E-06,5.87E-02,,,,
27,1.20E+08,25,67,5,13,0.75,8,pass,85.35,8.17E-02,3.90E-02,1.64,1.402,3.39E-03,1.85E-06,5.99E-02,,,,
27,1.20E+08,28,75,6,15,0.75,8,pass,85.74,7.84E-02,3.50E-02,1.656,1.423,3.98E-03,5.81E-06,6.08E-02,,,,
27,1.20E+08,31,83,7,17,0.75,8,pass,86.01,7.61E-02,3.17E-02,1.671,1.441,4.58E-03,1.15E-05,6.16E-02,,,,
27,1.20E+08,34,92,7,18,0.75,8,pass,86.22,7.43E-02,2.90E-02,1.685,1.457,5.08E-03,6.24E-06,6.23E-02,,,,
27,1.20E+08,38,100,8,20,0.75,8,pass,86.35,7.38E-02,2.62E-02,1.698,1.471,5.83E-03,8.95E-06,6.29E-02,,,,
27,1.20E+08,41,108,9,22,0.75,8,pass,86.38,7.34E-02,2.47E-02,1.71,1.482,6.45E-03,1.34E-05,6.34E-02,,,,
27,1.20E+08,44,117,9,23,0.75,8,pass,86.4,7.29E-02,2.35E-02,1.721,1.493,6.91E-03,1.62E-05,6.39E-02,,,,
27,1.20E+08,47,125,10,25,0.75,8,pass,86.37,7.30E-02,2.27E-02,1.731,1.502,7.48E-03,1.50E-05,6.42E-02,,,,
27,1.20E+08,50,133,11,27,0.75,8,pass,86.29,7.31E-02,2.22E-02,1.741,1.509,8.02E-03,2.42E-05,6.46E-02,,,,
27,1.20E+08,53,142,11,28,0.75,8,pass,86.22,7.34E-02,2.20E-02,1.75,1.516,8.39E-03,1.72E-05,6.49E-02,,,,
27,1.20E+08,56,150,12,30,0.75,8,pass,86.1,7.41E-02,2.22E-02,1.759,1.522,8.93E-03,1.90E-05,6.52E-02,,,,
27,1.20E+08,59,158,13,32,0.75,8,pass,85.96,7.46E-02,2.23E-02,1.768,1.528,9.47E-03,2.45E-05,6.55E-02,,,,
27,1.20E+08,62,167,13,33,0.75,8,pass,85.83,7.53E-02,2.27E-02,1.777,1.533,9.85E-03,2.27E-05,6.57E-02,,,,
27,1.20E+08,66,175,14,35,0.75,8,pass,85.67,7.64E-02,2.31E-02,1.786,1.539,1.05E-02,2.56E-05,6.59E-02,,,,
27,1.20E+08,69,183,15,37,0.75,8,pass,85.5,7.72E-02,2.36E-02,1.793,1.543,1.10E-02,3.09E-05,6.61E-02,,,,
27,1.20E+08,72,192,15,38,0.75,8,pass,85.34,7.82E-02,2.43E-02,1.802,1.547,1.14E-02,2.60E-05,6.63E-02,,,,
27,1.20E+08,75,200,16,40,0.75,8,pass,85.16,7.92E-02,2.51E-02,1.809,1.551,1.19E-02,3.08E-05,6.65E-02,,,,
27,1.20E+08,78,208,17,42,0.75,8,fail,84.96,8.03E-02,2.59E-02,1.817,1.554,1.25E-02,3.48E-05,6.66E-02,,,,
27,1.20E+08,16,42,3,8,1,8,fail,84.56,6.87E-02,3.62E-02,1.236,1.047,1.90E-03,4.48E-07,3.35E-02,,,,
27,1.20E+08,19,50,4,10,1,8,pass,85.44,6.23E-02,3.12E-02,1.253,1.073,2.47E-03,3.91E-06,3.44E-02,,,,
27,1.20E+08,22,58,5,12,1,8,pass,86.02,5.82E-02,2.72E-02,1.268,1.094,3.07E-03,1.14E-05,3.50E-02,,,,
27,1.20E+08,25,67,5,13,1,8,pass,86.45,5.48E-02,2.40E-02,1.282,1.111,3.55E-03,4.70E-06,3.57E-02,,,,
27,1.20E+08,28,75,6,15,1,8,pass,86.68,5.30E-02,2.15E-02,1.294,1.125,4.16E-03,1.21E-05,3.61E-02,,,,
27,1.20E+08,31,83,7,17,1,8,pass,86.83,5.20E-02,1.96E-02,1.304,1.136,4.78E-03,1.05E-05,3.64E-02,,,,
27,1.20E+08,34,92,7,18,1,8,pass,86.88,5.11E-02,1.81E-02,1.314,1.146,5.28E-03,1.33E-05,3.68E-02,,,,
27,1.20E+08,38,100,8,20,1,8,pass,86.87,5.13E-02,1.69E-02,1.324,1.155,6.00E-03,1.28E-05,3.71E-02,,,,
27,1.20E+08,41,108,9,22,1,8,pass,86.78,5.13E-02,1.63E-02,1.333,1.162,6.56E-03,1.96E-05,3.74E-02,,,,
27,1.20E+08,44,117,9,23,1,8,pass,86.66,5.15E-02,1.62E-02,1.341,1.168,6.95E-03,2.12E-05,3.76E-02,,,,
27,1.20E+08,47,125,10,25,1,8,pass,86.5,5.21E-02,1.63E-02,1.349,1.174,7.47E-03,2.29E-05,3.78E-02,,,,
27,1.20E+08,50,133,11,27,1,8,pass,86.31,5.28E-02,1.66E-02,1.357,1.178,8.01E-03,2.62E-05,3.79E-02,,,,
27,1.20E+08,53,142,11,28,1,8,pass,86.12,5.35E-02,1.71E-02,1.365,1.183,8.40E-03,2.10E-05,3.80E-02,,,,
27,1.20E+08,56,150,12,30,1,8,pass,85.89,5.43E-02,1.77E-02,1.372,1.186,8.93E-03,3.21E-05,3.82E-02,,,,
27,1.20E+08,59,158,13,32,1,8,pass,85.65,5.53E-02,1.83E-02,1.38,1.19,9.46E-03,3.62E-05,3.83E-02,,,,
27,1.20E+08,62,167,13,33,1,8,pass,85.42,5.63E-02,1.91E-02,1.387,1.193,9.84E-03,3.20E-05,3.84E-02,,,,
27,1.20E+08,66,175,14,35,1,8,pass,85.13,5.78E-02,2.00E-02,1.395,1.196,1.05E-02,3.82E-05,3.86E-02,,,,
27,1.20E+08,69,183,15,37,1,8,fail,84.87,5.92E-02,2.10E-02,1.401,1.199,1.10E-02,3.77E-05,3.87E-02,,,,
27,1.20E+08,72,192,15,38,1,8,fail,84.6,6.05E-02,2.21E-02,1.409,1.201,1.14E-02,3.20E-05,3.87E-02,,,,
27,1.20E+08,75,200,16,40,1,8,fail,84.3,6.19E-02,2.32E-02,1.416,1.203,1.19E-02,4.62E-05,3.88E-02,,,,
27,1.20E+08,78,208,17,42,1,8,fail,84.01,6.34E-02,2.44E-02,1.422,1.205,1.25E-02,4.35E-05,3.89E-02,,,,
,,,,,,,,,,,,,,,,,,,,
27,1.00E+08,4,100,8,20,0.25,8,fail,59.42,1.88E-01,8.07E-01,3.331,1.98,1.31E-03,1.02E-04,2.54E-01,,,,
27,1.00E+08,8,100,8,20,0.25,8,fail,67.81,2.30E-01,5.59E-01,3.719,2.523,1.55E-03,6.30E-05,3.24E-01,,,,
27,1.00E+08,12,100,8,20,0.25,8,fail,71.56,2.51E-01,4.22E-01,3.894,2.788,1.80E-03,3.81E-05,3.57E-01,,,,
27,1.00E+08,16,100,8,20,0.25,8,fail,73.61,2.64E-01,3.40E-01,3.992,2.94,2.07E-03,2.54E-05,3.77E-01,,,,
27,1.00E+08,20,100,8,20,0.25,8,fail,74.88,2.73E-01,2.86E-01,4.055,3.038,2.36E-03,1.76E-05,3.89E-01,,,,
27,1.00E+08,25,100,8,20,0.25,8,fail,75.92,2.81E-01,2.39E-01,4.109,3.122,2.75E-03,1.36E-05,3.99E-01,,,,
27,1.00E+08,30,100,8,20,0.25,8,fail,76.62,2.88E-01,2.06E-01,4.147,3.18,3.17E-03,9.82E-06,4.07E-01,,,,
27,1.00E+08,34,100,8,20,0.25,8,fail,77.04,2.92E-01,1.86E-01,4.17,3.215,3.53E-03,1.18E-05,4.11E-01,,,,
27,1.00E+08,36,100,8,20,0.25,8,fail,77.2,2.94E-01,1.77E-01,4.18,3.23,3.71E-03,1.03E-05,4.13E-01,,,,
27,1.00E+08,40,100,8,20,0.25,8,fail,77.5,2.98E-01,1.63E-01,4.197,3.256,4.08E-03,1.48E-05,4.16E-01,,,,
27,1.00E+08,44,100,8,20,0.25,8,fail,77.73,3.01E-01,1.50E-01,4.212,3.277,4.47E-03,1.49E-05,4.19E-01,,,,
27,1.00E+08,48,100,8,20,0.25,8,fail,77.91,3.05E-01,1.40E-01,4.225,3.295,4.86E-03,1.64E-05,4.21E-01,,,,
27,1.00E+08,56,100,8,20,0.25,8,fail,78.2,3.10E-01,1.23E-01,4.246,3.325,5.68E-03,2.02E-05,4.25E-01,,,,
27,1.00E+08,64,100,8,20,0.25,8,fail,78.4,3.16E-01,1.10E-01,4.263,3.348,6.52E-03,2.13E-05,4.28E-01,,,,
27,1.00E+08,72,100,8,20,0.25,8,fail,78.56,3.20E-01,9.96E-02,4.277,3.366,7.36E-03,2.06E-05,4.30E-01,,,,
27,1.00E+08,80,100,8,20,0.25,8,fail,78.66,3.25E-01,9.09E-02,4.29,3.381,8.23E-03,2.07E-05,4.32E-01,,,,
27,1.00E+08,38,30,8,20,0.25,8,fail,64.25,7.88E-01,1.23E-01,3.453,2.221,3.65E-03,5.51E-05,2.83E-01,,,,
27,1.00E+08,38,40,8,20,0.25,8,fail,69.33,6.23E-01,1.42E-01,3.721,2.582,3.64E-03,3.69E-05,3.29E-01,,,,
27,1.00E+08,38,50,8,20,0.25,8,fail,72.13,5.19E-01,1.52E-01,3.875,2.797,3.65E-03,2.48E-05,3.57E-01,,,,
27,1.00E+08,38,62,8,20,0.25,8,fail,74.22,4.34E-01,1.60E-01,3.993,2.966,3.66E-03,1.43E-05,3.79E-01,,,,
27,1.00E+08,38,70,8,20,0.25,8,fail,75.19,3.92E-01,1.63E-01,4.05,3.048,3.68E-03,7.08E-06,3.90E-01,,,,
27,1.00E+08,38,76,8,20,0.25,8,fail,75.77,3.67E-01,1.65E-01,4.086,3.099,3.71E-03,2.74E-06,3.96E-01,,,,
27,1.00E+08,38,82,8,20,0.25,8,fail,76.26,3.46E-01,1.66E-01,4.117,3.142,3.74E-03,1.35E-06,4.02E-01,,,,
27,1.00E+08,38,88,8,20,0.25,8,fail,76.68,3.27E-01,1.68E-01,4.143,3.18,3.78E-03,4.93E-06,4.07E-01,,,,
27,1.00E+08,38,92,8,20,0.25,8,fail,76.93,3.15E-01,1.68E-01,4.16,3.203,3.81E-03,7.65E-06,4.10E-01,,,,
27,1.00E+08,38,96,8,20,0.25,8,fail,77.16,3.06E-01,1.69E-01,4.175,3.224,3.85E-03,1.08E-05,4.12E-01,,,,
27,1.00E+08,38,104,8,20,0.25,8,fail,77.54,2.87E-01,1.70E-01,4.202,3.262,3.93E-03,1.41E-05,4.17E-01,,,,
27,1.00E+08,38,108,8,20,0.25,8,fail,77.72,2.79E-01,1.71E-01,4.215,3.278,3.97E-03,1.78E-05,4.19E-01,,,,
27,1.00E+08,38,114,8,20,0.25,8,fail,77.95,2.69E-01,1.72E-01,4.232,3.302,4.04E-03,2.17E-05,4.22E-01,,,,
27,1.00E+08,38,120,8,20,0.25,8,fail,78.16,2.59E-01,1.72E-01,4.247,3.323,4.11E-03,2.39E-05,4.25E-01,,,,
27,1.00E+08,38,128,8,20,0.25,8,fail,78.41,2.47E-01,1.72E-01,4.266,3.348,4.21E-03,2.60E-05,4.28E-01,,,,
27,1.00E+08,38,136,8,20,0.25,8,fail,78.61,2.37E-01,1.73E-01,4.284,3.371,4.32E-03,2.75E-05,4.31E-01,,,,
27,1.00E+08,38,146,8,20,0.25,8,fail,78.83,2.27E-01,1.73E-01,4.305,3.397,4.44E-03,2.88E-05,4.34E-01,,,,
27,1.00E+08,38,156,8,20,0.25,8,fail,79.02,2.17E-01,1.74E-01,4.323,3.42,4.56E-03,3.39E-05,4.37E-01,,,,
27,1.00E+08,38,166,8,20,0.25,8,fail,79.19,2.08E-01,1.73E-01,4.339,3.44,4.67E-03,3.57E-05,4.40E-01,,,,
27,1.00E+08,38,176,8,20,0.25,8,fail,79.33,2.00E-01,1.72E-01,4.355,3.459,4.78E-03,3.47E-05,4.42E-01,,,,
27,1.00E+08,38,100,8,2,0.25,8,fail,76.52,3.36E-01,1.70E-01,4.179,3.202,5.07E-03,1.85E-05,4.09E-01,,,,
27,1.00E+08,38,100,8,4,0.25,8,fail,77.2,3.08E-01,1.65E-01,4.181,3.231,5.08E-03,1.10E-05,4.13E-01,,,,
27,1.00E+08,38,100,8,6,0.25,8,fail,77.3,3.02E-01,1.67E-01,4.181,3.236,4.66E-03,1.02E-05,4.14E-01,,,,
27,1.00E+08,38,100,8,10,0.25,8,fail,77.35,2.99E-01,1.69E-01,4.184,3.24,4.21E-03,5.53E-07,4.14E-01,,,,
27,1.00E+08,38,100,8,14,0.25,8,fail,77.37,2.98E-01,1.70E-01,4.186,3.242,4.02E-03,6.18E-06,4.15E-01,,,,
27,1.00E+08,38,100,8,18,0.25,8,fail,77.36,2.95E-01,1.69E-01,4.188,3.243,3.92E-03,9.92E-06,4.15E-01,,,,
27,1.00E+08,38,100,8,22,0.25,8,fail,77.35,2.96E-01,1.70E-01,4.19,3.244,3.86E-03,1.23E-05,4.15E-01,,,,
27,1.00E+08,38,100,8,26,0.25,8,fail,77.34,2.95E-01,1.70E-01,4.191,3.244,3.81E-03,1.49E-05,4.15E-01,,,,
27,1.00E+08,38,100,8,30,0.25,8,fail,77.33,2.95E-01,1.70E-01,4.192,3.245,3.77E-03,1.89E-05,4.15E-01,,,,
27,1.00E+08,38,100,8,34,0.25,8,fail,77.33,2.95E-01,1.71E-01,4.192,3.245,3.75E-03,2.00E-05,4.15E-01,,,,
27,1.00E+08,38,100,8,38,0.25,8,fail,77.32,2.95E-01,1.71E-01,4.193,3.245,3.73E-03,2.20E-05,4.15E-01,,,,
27,1.00E+08,38,100,8,42,0.25,8,fail,77.31,2.94E-01,1.70E-01,4.194,3.246,3.72E-03,2.12E-05,4.15E-01,,,,
27,1.00E+08,38,100,1,20,0.25,8,fail,77.32,2.92E-01,1.77E-01,4.196,3.247,3.36E-03,1.04E-05,4.15E-01,,,,
27,1.00E+08,38,100,3,20,0.25,8,fail,77.35,2.96E-01,1.72E-01,4.19,3.244,3.38E-03,1.39E-05,4.15E-01,,,,
27,1.00E+08,38,100,5,20,0.25,8,fail,77.36,2.95E-01,1.70E-01,4.189,3.244,3.55E-03,2.10E-05,4.15E-01,,,,
27,1.00E+08,38,100,7,20,0.25,8,fail,77.36,2.95E-01,1.70E-01,4.189,3.243,3.78E-03,1.64E-05,4.15E-01,,,,
27,1.00E+08,38,100,9,20,0.25,8,fail,77.36,2.96E-01,1.70E-01,4.189,3.243,4.01E-03,9.92E-06,4.15E-01,,,,
27,1.00E+08,38,100,11,20,0.25,8,fail,77.36,2.95E-01,1.69E-01,4.188,3.243,4.25E-03,6.22E-06,4.15E-01,,,,
27,1.00E+08,38,100,13,20,0.25,8,fail,77.35,2.95E-01,1.69E-01,4.188,3.243,4.49E-03,2.36E-06,4.15E-01,,,,
27,1.00E+08,38,100,15,20,0.25,8,fail,77.36,2.96E-01,1.69E-01,4.188,3.243,4.74E-03,1.78E-06,4.15E-01,,,,
,,,,,,,,,,,,,,,,,,,,
27,1.00E+08,4,100,8,20,0.5,8,fail,71.48,8.38E-02,3.33E-01,2.104,1.505,1.30E-03,1.41E-04,9.61E-02,,,,
27,1.00E+08,8,100,8,20,0.5,8,fail,78.45,9.25E-02,2.01E-01,2.235,1.755,1.59E-03,6.78E-05,1.12E-01,,,,
27,1.00E+08,12,100,8,20,0.5,8,fail,81.1,9.74E-02,1.45E-01,2.29,1.859,1.93E-03,3.94E-05,1.19E-01,,,,
27,1.00E+08,16,100,8,20,0.5,8,fail,82.48,1.02E-01,1.16E-01,2.321,1.916,2.29E-03,2.85E-05,1.22E-01,,,,
27,1.00E+08,20,100,8,20,0.5,8,fail,83.31,1.03E-01,9.47E-02,2.341,1.952,2.68E-03,2.18E-05,1.25E-01,,,,
27,1.00E+08,25,100,8,20,0.5,8,fail,83.95,1.06E-01,7.79E-02,2.359,1.983,3.19E-03,1.10E-05,1.27E-01,,,,
27,1.00E+08,30,100,8,20,0.5,8,fail,84.37,1.09E-01,6.67E-02,2.372,2.004,3.71E-03,9.72E-06,1.28E-01,,,,
27,1.00E+08,34,100,8,20,0.5,8,fail,84.61,1.11E-01,5.97E-02,2.38,2.017,4.13E-03,1.83E-05,1.29E-01,,,,
27,1.00E+08,36,100,8,20,0.5,8,fail,84.71,1.13E-01,5.73E-02,2.383,2.023,4.34E-03,1.84E-05,1.29E-01,,,,
27,1.00E+08,40,100,8,20,0.5,8,fail,84.87,1.14E-01,5.21E-02,2.389,2.032,4.77E-03,2.04E-05,1.30E-01,,,,
27,1.00E+08,44,100,8,20,0.5,8,fail,84.98,1.16E-01,4.77E-02,2.396,2.04,5.19E-03,1.85E-05,1.31E-01,,,,
27,1.00E+08,48,100,8,20,0.5,8,pass,85.07,1.17E-01,4.41E-02,2.401,2.047,5.62E-03,2.65E-05,1.31E-01,,,,
27,1.00E+08,56,100,8,20,0.5,8,pass,85.18,1.21E-01,3.85E-02,2.41,2.058,6.48E-03,3.12E-05,1.32E-01,,,,
27,1.00E+08,64,100,8,20,0.5,8,pass,85.25,1.24E-01,3.43E-02,2.417,2.067,7.34E-03,3.53E-05,1.32E-01,,,,
27,1.00E+08,72,100,8,20,0.5,8,pass,85.25,1.27E-01,3.10E-02,2.425,2.074,8.22E-03,3.51E-05,1.33E-01,,,,
27,1.00E+08,80,100,8,20,0.5,8,pass,85.27,1.29E-01,2.82E-02,2.43,2.08,9.11E-03,4.08E-05,1.33E-01,,,,
27,1.00E+08,38,30,8,20,0.5,8,fail,77.76,2.75E-01,4.96E-02,2.153,1.677,3.74E-03,4.41E-05,1.07E-01,,,,
27,1.00E+08,38,40,8,20,0.5,8,fail,80.45,2.17E-01,5.24E-02,2.23,1.797,3.79E-03,2.74E-05,1.15E-01,,,,
27,1.00E+08,38,50,8,20,0.5,8,fail,82,1.82E-01,5.38E-02,2.277,1.87,3.87E-03,1.49E-05,1.20E-01,,,,
27,1.00E+08,38,62,8,20,0.5,8,fail,83.15,1.55E-01,5.47E-02,2.315,1.928,4.03E-03,3.13E-06,1.23E-01,,,,
27,1.00E+08,38,70,8,20,0.5,8,fail,83.67,1.42E-01,5.49E-02,2.335,1.957,4.15E-03,4.68E-06,1.25E-01,,,,
27,1.00E+08,38,76,8,20,0.5,8,fail,83.98,1.34E-01,5.47E-02,2.348,1.975,4.24E-03,6.37E-06,1.26E-01,,,,
27,1.00E+08,38,82,8,20,0.5,8,fail,84.24,1.27E-01,5.44E-02,2.359,1.991,4.32E-03,1.21E-05,1.27E-01,,,,
27,1.00E+08,38,88,8,20,0.5,8,fail,84.45,1.22E-01,5.44E-02,2.369,2.005,4.40E-03,1.15E-05,1.28E-01,,,,
27,1.00E+08,38,92,8,20,0.5,8,fail,84.58,1.19E-01,5.45E-02,2.375,2.013,4.45E-03,1.88E-05,1.29E-01,,,,
27,1.00E+08,38,96,8,20,0.5,8,fail,84.69,1.15E-01,5.42E-02,2.381,2.02,4.50E-03,1.85E-05,1.29E-01,,,,
27,1.00E+08,38,104,8,20,0.5,8,fail,84.89,1.10E-01,5.38E-02,2.392,2.034,4.60E-03,2.02E-05,1.30E-01,,,,
27,1.00E+08,38,108,8,20,0.5,8,fail,84.97,1.08E-01,5.38E-02,2.397,2.04,4.65E-03,2.27E-05,1.31E-01,,,,
27,1.00E+08,38,114,8,20,0.5,8,pass,85.08,1.05E-01,5.37E-02,2.404,2.049,4.72E-03,2.13E-05,1.31E-01,,,,
27,1.00E+08,38,120,8,20,0.5,8,pass,85.16,1.02E-01,5.32E-02,2.411,2.057,4.80E-03,1.95E-05,1.32E-01,,,,
27,1.00E+08,38,128,8,20,0.5,8,pass,85.25,9.94E-02,5.34E-02,2.42,2.067,4.88E-03,2.29E-05,1.32E-01,,,,
27,1.00E+08,38,136,8,20,0.5,8,pass,85.33,9.68E-02,5.32E-02,2.428,2.076,4.96E-03,2.27E-05,1.33E-01,,,,
27,1.00E+08,38,146,8,20,0.5,8,pass,85.41,9.40E-02,5.30E-02,2.437,2.085,5.03E-03,2.18E-05,1.34E-01,,,,
27,1.00E+08,38,156,8,20,0.5,8,pass,85.45,9.18E-02,5.27E-02,2.446,2.094,5.07E-03,2.03E-05,1.34E-01,,,,
27,1.00E+08,38,166,8,20,0.5,8,pass,85.46,9.01E-02,5.29E-02,2.455,2.102,5.08E-03,1.74E-05,1.35E-01,,,,
27,1.00E+08,38,176,8,20,0.5,8,pass,85.47,8.88E-02,5.31E-02,2.462,2.109,5.08E-03,2.10E-05,1.35E-01,,,,
27,1.00E+08,38,100,8,2,0.5,8,fail,83.57,1.39E-01,6.08E-02,2.39,2.002,5.05E-03,1.51E-05,1.28E-01,,,,
27,1.00E+08,38,100,8,4,0.5,8,fail,84.71,1.18E-01,5.28E-02,2.38,2.02,5.06E-03,4.14E-06,1.29E-01,,,,
27,1.00E+08,38,100,8,6,0.5,8,fail,84.8,1.15E-01,5.25E-02,2.381,2.024,5.03E-03,1.95E-05,1.30E-01,,,,
27,1.00E+08,38,100,8,10,0.5,8,fail,84.84,1.13E-01,5.32E-02,2.383,2.026,4.81E-03,8.77E-07,1.30E-01,,,,
27,1.00E+08,38,100,8,14,0.5,8,fail,84.83,1.13E-01,5.35E-02,2.385,2.027,4.67E-03,1.17E-05,1.30E-01,,,,
27,1.00E+08,38,100,8,18,0.5,8,fail,84.81,1.13E-01,5.40E-02,2.386,2.027,4.58E-03,1.79E-05,1.30E-01,,,,
27,1.00E+08,38,100,8,22,0.5,8,fail,84.78,1.12E-01,5.40E-02,2.387,2.028,4.52E-03,2.13E-05,1.30E-01,,,,
27,1.00E+08,38,100,8,26,0.5,8,fail,84.76,1.12E-01,5.41E-02,2.388,2.028,4.47E-03,2.04E-05,1.30E-01,,,,
27,1.00E+08,38,100,8,30,0.5,8,fail,84.73,1.12E-01,5.46E-02,2.389,2.028,4.43E-03,2.60E-05,1.30E-01,,,,
27,1.00E+08,38,100,8,34,0.5,8,fail,84.7,1.12E-01,5.48E-02,2.39,2.028,4.40E-03,2.72E-05,1.30E-01,,,,
27,1.00E+08,38,100,8,38,0.5,8,fail,84.68,1.12E-01,5.50E-02,2.391,2.028,4.37E-03,3.00E-05,1.30E-01,,,,
27,1.00E+08,38,100,8,42,0.5,8,fail,84.66,1.12E-01,5.48E-02,2.391,2.028,4.36E-03,3.17E-05,1.30E-01,,,,
27,1.00E+08,38,100,1,20,0.5,8,fail,84.76,1.06E-01,6.23E-02,2.389,2.028,3.83E-03,6.44E-06,1.30E-01,,,,
27,1.00E+08,38,100,3,20,0.5,8,fail,84.76,1.13E-01,5.58E-02,2.388,2.028,4.00E-03,3.55E-05,1.30E-01,,,,
27,1.00E+08,38,100,5,20,0.5,8,fail,84.8,1.12E-01,5.47E-02,2.387,2.028,4.19E-03,4.15E-05,1.30E-01,,,,
27,1.00E+08,38,100,7,20,0.5,8,fail,84.8,1.13E-01,5.44E-02,2.387,2.028,4.43E-03,2.76E-05,1.30E-01,,,,
27,1.00E+08,38,100,9,20,0.5,8,fail,84.79,1.13E-01,5.39E-02,2.386,2.028,4.67E-03,9.61E-06,1.30E-01,,,,
27,1.00E+08,38,100,11,20,0.5,8,fail,84.8,1.13E-01,5.40E-02,2.386,2.027,4.92E-03,5.43E-06,1.30E-01,,,,
27,1.00E+08,38,100,13,20,0.5,8,fail,84.77,1.13E-01,5.36E-02,2.386,2.027,5.17E-03,3.27E-06,1.30E-01,,,,
27,1.00E+08,38,100,15,20,0.5,8,fail,84.79,1.13E-01,5.37E-02,2.385,2.027,5.41E-03,2.78E-06,1.30E-01,,,,
,,,,,,,,,,,,,,,,,,,,
27,1.00E+08,4,100,8,20,0.75,8,fail,76.41,5.17E-02,1.87E-01,1.563,1.195,1.35E-03,1.35E-04,5.06E-02,,,,
27,1.00E+08,8,100,8,20,0.75,8,fail,82.08,5.52E-02,1.07E-01,1.617,1.329,1.71E-03,6.89E-05,5.67E-02,,,,
27,1.00E+08,12,100,8,20,0.75,8,fail,84.14,5.77E-02,7.49E-02,1.641,1.383,2.10E-03,3.39E-05,5.89E-02,,,,
27,1.00E+08,16,100,8,20,0.75,8,pass,85.21,5.90E-02,5.79E-02,1.654,1.412,2.50E-03,2.86E-05,6.03E-02,,,,
27,1.00E+08,20,100,8,20,0.75,8,pass,85.82,6.06E-02,4.74E-02,1.664,1.43,2.91E-03,1.88E-05,6.12E-02,,,,
27,1.00E+08,25,100,8,20,0.75,8,pass,86.28,6.28E-02,3.88E-02,1.672,1.446,3.44E-03,1.34E-05,6.18E-02,,,,
27,1.00E+08,30,100,8,20,0.75,8,pass,86.55,6.45E-02,3.31E-02,1.679,1.457,3.96E-03,6.81E-06,6.22E-02,,,,
27,1.00E+08,34,100,8,20,0.75,8,pass,86.74,6.55E-02,2.96E-02,1.683,1.464,4.40E-03,1.24E-05,6.26E-02,,,,
27,1.00E+08,36,100,8,20,0.75,8,pass,86.78,6.61E-02,2.81E-02,1.685,1.467,4.61E-03,1.51E-05,6.27E-02,,,,
27,1.00E+08,40,100,8,20,0.75,8,pass,86.86,6.73E-02,2.57E-02,1.689,1.472,5.05E-03,1.97E-05,6.29E-02,,,,
27,1.00E+08,44,100,8,20,0.75,8,pass,86.93,6.82E-02,2.37E-02,1.692,1.476,5.49E-03,2.26E-05,6.31E-02,,,,
27,1.00E+08,48,100,8,20,0.75,8,pass,86.97,6.91E-02,2.21E-02,1.695,1.479,5.92E-03,2.30E-05,6.32E-02,,,,
27,1.00E+08,56,100,8,20,0.75,8,pass,87.03,7.08E-02,1.96E-02,1.7,1.485,6.79E-03,2.88E-05,6.35E-02,,,,
27,1.00E+08,64,100,8,20,0.75,8,pass,87.02,7.27E-02,1.79E-02,1.704,1.49,7.67E-03,3.50E-05,6.37E-02,,,,
27,1.00E+08,72,100,8,20,0.75,8,pass,86.97,7.45E-02,1.66E-02,1.709,1.494,8.54E-03,3.98E-05,6.37E-02,,,,
27,1.00E+08,80,100,8,20,0.75,8,pass,86.91,7.60E-02,1.57E-02,1.713,1.497,9.41E-03,4.35E-05,6.39E-02,,,,
27,1.00E+08,38,30,8,20,0.75,8,fail,82.14,1.48E-01,2.74E-02,1.562,1.286,3.91E-03,4.07E-05,5.49E-02,,,,
27,1.00E+08,38,40,8,20,0.75,8,fail,84.01,1.18E-01,2.81E-02,1.6,1.347,4.04E-03,2.32E-05,5.76E-02,,,,
27,1.00E+08,38,50,8,20,0.75,8,pass,85.07,9.99E-02,2.82E-02,1.624,1.385,4.18E-03,8.84E-06,5.92E-02,,,,
27,1.00E+08,38,62,8,20,0.75,8,pass,85.85,8.63E-02,2.80E-02,1.645,1.416,4.35E-03,1.31E-06,6.06E-02,,,,
27,1.00E+08,38,70,8,20,0.75,8,pass,86.19,8.03E-02,2.79E-02,1.656,1.431,4.45E-03,4.49E-06,6.11E-02,,,,
27,1.00E+08,38,76,8,20,0.75,8,pass,86.38,7.69E-02,2.78E-02,1.663,1.441,4.53E-03,1.16E-05,6.15E-02,,,,
27,1.00E+08,38,82,8,20,0.75,8,pass,86.54,7.25E-02,2.70E-02,1.67,1.449,4.60E-03,1.45E-05,6.21E-02,,,,
27,1.00E+08,38,88,8,20,0.75,8,pass,86.66,7.09E-02,2.73E-02,1.676,1.456,4.68E-03,1.47E-05,6.22E-02,,,,
27,1.00E+08,38,92,8,20,0.75,8,pass,86.74,6.93E-02,2.71E-02,1.68,1.461,4.73E-03,1.32E-05,6.25E-02,,,,
27,1.00E+08,38,96,8,20,0.75,8,pass,86.79,6.81E-02,2.72E-02,1.683,1.465,4.78E-03,1.43E-05,6.26E-02,,,,
27,1.00E+08,38,104,8,20,0.75,8,pass,86.88,6.51E-02,2.67E-02,1.69,1.473,4.88E-03,1.64E-05,6.30E-02,,,,
27,1.00E+08,38,108,8,20,0.75,8,pass,86.9,6.57E-02,2.73E-02,1.694,1.476,4.93E-03,1.64E-05,6.30E-02,,,,
27,1.00E+08,38,114,8,20,0.75,8,pass,86.95,6.30E-02,2.65E-02,1.698,1.481,4.98E-03,1.69E-05,6.34E-02,,,,
27,1.00E+08,38,120,8,20,0.75,8,pass,86.98,6.22E-02,2.67E-02,1.703,1.485,5.03E-03,1.60E-05,6.36E-02,,,,
27,1.00E+08,38,128,8,20,0.75,8,pass,86.97,6.10E-02,2.66E-02,1.709,1.491,5.06E-03,1.56E-05,6.37E-02,,,,
27,1.00E+08,38,136,8,20,0.75,8,pass,86.95,6.02E-02,2.68E-02,1.715,1.496,5.07E-03,1.39E-05,6.39E-02,,,,
27,1.00E+08,38,146,8,20,0.75,8,pass,86.92,5.93E-02,2.71E-02,1.721,1.501,5.06E-03,1.49E-05,6.42E-02,,,,
27,1.00E+08,38,156,8,20,0.75,8,pass,86.87,5.86E-02,2.75E-02,1.728,1.505,5.06E-03,1.42E-05,6.44E-02,,,,
27,1.00E+08,38,166,8,20,0.75,8,pass,86.8,5.79E-02,2.80E-02,1.734,1.509,5.06E-03,1.35E-05,6.46E-02,,,,
27,1.00E+08,38,176,8,20,0.75,8,pass,86.71,5.77E-02,2.87E-02,1.74,1.513,5.06E-03,1.10E-05,6.47E-02,,,,
27,1.00E+08,38,100,8,2,0.75,8,pass,85.17,8.95E-02,3.56E-02,1.697,1.449,5.04E-03,1.43E-05,6.18E-02,,,,
27,1.00E+08,38,100,8,4,0.75,8,pass,86.65,7.03E-02,2.75E-02,1.683,1.462,5.05E-03,3.67E-06,6.25E-02,,,,
27,1.00E+08,38,100,8,6,0.75,8,pass,86.83,6.86E-02,2.63E-02,1.683,1.465,5.05E-03,1.98E-05,6.27E-02,,,,
27,1.00E+08,38,100,8,10,0.75,8,pass,86.89,6.75E-02,2.65E-02,1.684,1.468,5.01E-03,1.42E-06,6.28E-02,,,,
27,1.00E+08,38,100,8,14,0.75,8,pass,86.87,6.68E-02,2.65E-02,1.686,1.469,4.94E-03,7.93E-06,6.28E-02,,,,
27,1.00E+08,38,100,8,18,0.75,8,pass,86.85,6.64E-02,2.67E-02,1.687,1.469,4.87E-03,1.47E-05,6.29E-02,,,,
27,1.00E+08,38,100,8,22,0.75,8,pass,86.83,6.65E-02,2.70E-02,1.687,1.469,4.80E-03,1.70E-05,6.29E-02,,,,
27,1.00E+08,38,100,8,26,0.75,8,pass,86.79,6.68E-02,2.73E-02,1.688,1.469,4.76E-03,2.13E-05,6.27E-02,,,,
27,1.00E+08,38,100,8,30,0.75,8,pass,86.76,6.61E-02,2.72E-02,1.689,1.469,4.72E-03,2.47E-05,6.29E-02,,,,
27,1.00E+08,38,100,8,34,0.75,8,pass,86.72,6.64E-02,2.73E-02,1.69,1.47,4.70E-03,2.87E-05,6.28E-02,,,,
27,1.00E+08,38,100,8,38,0.75,8,pass,86.68,6.60E-02,2.73E-02,1.691,1.47,4.68E-03,3.10E-05,6.29E-02,,,,
27,1.00E+08,38,100,8,42,0.75,8,pass,86.64,6.59E-02,2.74E-02,1.692,1.47,4.67E-03,3.16E-05,6.28E-02,,,,
27,1.00E+08,38,100,1,20,0.75,8,pass,86.77,6.12E-02,3.35E-02,1.688,1.468,4.04E-03,7.08E-06,6.27E-02,,,,
27,1.00E+08,38,100,3,20,0.75,8,pass,86.87,6.55E-02,2.82E-02,1.688,1.47,4.25E-03,4.39E-05,6.28E-02,,,,
27,1.00E+08,38,100,5,20,0.75,8,pass,86.85,6.62E-02,2.73E-02,1.688,1.47,4.46E-03,4.27E-05,6.27E-02,,,,
27,1.00E+08,38,100,7,20,0.75,8,pass,86.84,6.66E-02,2.70E-02,1.687,1.469,4.71E-03,2.29E-05,6.28E-02,,,,
27,1.00E+08,38,100,9,20,0.75,8,pass,86.84,6.65E-02,2.69E-02,1.687,1.469,4.96E-03,8.49E-06,6.29E-02,,,,
27,1.00E+08,38,100,11,20,0.75,8,pass,86.79,6.70E-02,2.67E-02,1.687,1.469,5.21E-03,2.42E-06,6.28E-02,,,,
27,1.00E+08,38,100,13,20,0.75,8,pass,86.8,6.67E-02,2.66E-02,1.686,1.469,5.45E-03,6.76E-06,6.29E-02,,,,
27,1.00E+08,38,100,15,20,0.75,8,pass,86.78,6.68E-02,2.65E-02,1.687,1.469,5.71E-03,1.49E-05,6.29E-02,,,,
,,,,,,,,,,,,,,,,,,,,
27,1.00E+08,4,100,8,20,1,8,fail,78.8,3.41E-02,1.25E-01,1.256,9.91E-01,1.39E-03,1.41E-04,3.16E-02,,,,
27,1.00E+08,8,100,8,20,1,8,fail,83.69,3.61E-02,6.93E-02,1.278,1.071,1.78E-03,6.97E-05,3.42E-02,,,,
27,1.00E+08,12,100,8,20,1,8,pass,85.42,3.75E-02,4.79E-02,1.289,1.103,2.19E-03,3.53E-05,3.53E-02,,,,
27,1.00E+08,16,100,8,20,1,8,pass,86.29,3.85E-02,3.70E-02,1.295,1.12,2.61E-03,3.01E-05,3.59E-02,,,,
27,1.00E+08,20,100,8,20,1,8,pass,86.8,3.97E-02,3.03E-02,1.299,1.13,3.03E-03,2.00E-05,3.64E-02,,,,
27,1.00E+08,25,100,8,20,1,8,pass,87.14,4.08E-02,2.47E-02,1.304,1.139,3.57E-03,1.14E-05,3.67E-02,,,,
27,1.00E+08,30,100,8,20,1,8,pass,87.35,4.20E-02,2.11E-02,1.307,1.146,4.11E-03,9.70E-06,3.69E-02,,,,
27,1.00E+08,34,100,8,20,1,8,pass,87.42,4.26E-02,1.88E-02,1.31,1.149,4.54E-03,1.61E-05,3.71E-02,,,,
27,1.00E+08,36,100,8,20,1,8,pass,87.44,4.36E-02,1.81E-02,1.312,1.151,4.76E-03,1.07E-05,3.69E-02,,,,
27,1.00E+08,40,100,8,20,1,8,pass,87.5,4.47E-02,1.68E-02,1.314,1.154,5.19E-03,2.07E-05,3.71E-02,,,,
27,1.00E+08,44,100,8,20,1,8,pass,87.54,4.55E-02,1.57E-02,1.315,1.156,5.62E-03,2.16E-05,3.72E-02,,,,
27,1.00E+08,48,100,8,20,1,8,pass,87.49,4.64E-02,1.48E-02,1.318,1.158,6.05E-03,2.53E-05,3.72E-02,,,,
27,1.00E+08,56,100,8,20,1,8,pass,87.45,4.83E-02,1.35E-02,1.321,1.162,6.90E-03,3.15E-05,3.72E-02,,,,
27,1.00E+08,64,100,8,20,1,8,pass,87.35,5.02E-02,1.27E-02,1.325,1.164,7.77E-03,3.65E-05,3.73E-02,,,,
27,1.00E+08,72,100,8,20,1,8,pass,87.25,5.30E-02,1.24E-02,1.328,1.166,8.63E-03,3.99E-05,3.74E-02,,,,
27,1.00E+08,80,100,8,20,1,8,pass,87.14,5.36E-02,1.20E-02,1.33,1.167,9.48E-03,4.12E-05,3.76E-02,,,,
27,1.00E+08,38,30,8,20,1,8,fail,84.11,9.38E-02,1.87E-02,1.23,1.038,4.08E-03,3.44E-05,3.33E-02,,,,
27,1.00E+08,38,40,8,20,1,8,pass,85.56,7.47E-02,1.87E-02,1.253,1.076,4.22E-03,1.71E-05,3.46E-02,,,,
27,1.00E+08,38,50,8,20,1,8,pass,86.38,6.35E-02,1.85E-02,1.268,1.099,4.35E-03,4.38E-06,3.54E-02,,,,
27,1.00E+08,38,62,8,20,1,8,pass,86.95,5.51E-02,1.82E-02,1.282,1.119,4.51E-03,6.19E-06,3.60E-02,,,,
27,1.00E+08,38,70,8,20,1,8,pass,87.17,5.16E-02,1.79E-02,1.29,1.128,4.61E-03,1.38E-05,3.63E-02,,,,
27,1.00E+08,38,76,8,20,1,8,pass,87.28,4.94E-02,1.78E-02,1.295,1.134,4.69E-03,1.57E-05,3.64E-02,,,,
27,1.00E+08,38,82,8,20,1,8,pass,87.38,4.77E-02,1.77E-02,1.299,1.14,4.76E-03,1.30E-05,3.66E-02,,,,
27,1.00E+08,38,88,8,20,1,8,pass,87.42,4.63E-02,1.75E-02,1.304,1.145,4.84E-03,1.69E-05,3.67E-02,,,,
27,1.00E+08,38,92,8,20,1,8,pass,87.44,4.56E-02,1.75E-02,1.307,1.147,4.89E-03,1.82E-05,3.68E-02,,,,
27,1.00E+08,38,96,8,20,1,8,pass,87.46,4.46E-02,1.73E-02,1.31,1.15,4.94E-03,1.73E-05,3.70E-02,,,,
27,1.00E+08,38,104,8,20,1,8,pass,87.5,4.37E-02,1.76E-02,1.315,1.155,5.01E-03,1.64E-05,3.71E-02,,,,
27,1.00E+08,38,108,8,20,1,8,pass,87.48,4.26E-02,1.73E-02,1.318,1.157,5.03E-03,1.67E-05,3.73E-02,,,,
27,1.00E+08,38,114,8,20,1,8,pass,87.47,4.23E-02,1.76E-02,1.321,1.16,5.04E-03,1.70E-05,3.73E-02,,,,
27,1.00E+08,38,120,8,20,1,8,pass,87.41,4.20E-02,1.77E-02,1.325,1.163,5.05E-03,1.22E-05,3.73E-02,,,,
27,1.00E+08,38,128,8,20,1,8,pass,87.36,4.15E-02,1.80E-02,1.33,1.166,5.05E-03,1.40E-05,3.75E-02,,,,
27,1.00E+08,38,136,8,20,1,8,pass,87.29,4.10E-02,1.84E-02,1.334,1.169,5.05E-03,1.42E-05,3.76E-02,,,,
27,1.00E+08,38,146,8,20,1,8,pass,87.17,4.08E-02,1.90E-02,1.34,1.172,5.06E-03,1.17E-05,3.77E-02,,,,
27,1.00E+08,38,156,8,20,1,8,pass,87.05,4.09E-02,1.98E-02,1.345,1.175,5.06E-03,8.00E-06,3.78E-02,,,,
27,1.00E+08,38,166,8,20,1,8,pass,86.89,4.08E-02,2.03E-02,1.35,1.178,5.06E-03,7.54E-06,3.79E-02,,,,
27,1.00E+08,38,176,8,20,1,8,pass,86.75,4.06E-02,2.10E-02,1.355,1.18,5.05E-03,2.89E-06,3.80E-02,,,,
27,1.00E+08,38,100,8,2,1,8,pass,85.53,6.42E-02,2.74E-02,1.328,1.14,5.03E-03,1.53E-05,3.65E-02,,,,
27,1.00E+08,38,100,8,4,1,8,pass,87.34,4.59E-02,1.93E-02,1.31,1.149,5.04E-03,4.00E-06,3.69E-02,,,,
27,1.00E+08,38,100,8,6,1,8,pass,87.53,4.48E-02,1.80E-02,1.309,1.15,5.04E-03,1.56E-05,3.70E-02,,,,
27,1.00E+08,38,100,8,10,1,8,pass,87.54,4.45E-02,1.74E-02,1.311,1.152,5.05E-03,7.86E-07,3.70E-02,,,,
27,1.00E+08,38,100,8,14,1,8,pass,87.54,4.37E-02,1.72E-02,1.311,1.152,5.04E-03,5.60E-06,3.71E-02,,,,
27,1.00E+08,38,100,8,18,1,8,pass,87.52,4.41E-02,1.75E-02,1.312,1.152,4.99E-03,1.16E-05,3.71E-02,,,,
27,1.00E+08,38,100,8,22,1,8,pass,87.47,4.40E-02,1.75E-02,1.313,1.152,4.95E-03,1.87E-05,3.71E-02,,,,
27,1.00E+08,38,100,8,26,1,8,pass,87.4,4.41E-02,1.75E-02,1.314,1.153,4.92E-03,2.21E-05,3.70E-02,,,,
27,1.00E+08,38,100,8,30,1,8,pass,87.36,4.39E-02,1.75E-02,1.315,1.153,4.90E-03,2.43E-05,3.70E-02,,,,
27,1.00E+08,38,100,8,34,1,8,pass,87.3,4.41E-02,1.76E-02,1.316,1.153,4.88E-03,2.38E-05,3.70E-02,,,,
27,1.00E+08,38,100,8,38,1,8,pass,87.28,4.43E-02,1.77E-02,1.316,1.153,4.86E-03,2.52E-05,3.70E-02,,,,
27,1.00E+08,38,100,8,42,1,8,pass,87.22,4.42E-02,1.78E-02,1.317,1.153,4.85E-03,3.01E-05,3.70E-02,,,,
27,1.00E+08,38,100,1,20,1,8,pass,87.22,4.30E-02,2.19E-02,1.314,1.15,4.12E-03,8.74E-06,3.69E-02,,,,
27,1.00E+08,38,100,3,20,1,8,pass,87.52,4.39E-02,1.81E-02,1.313,1.153,4.37E-03,4.81E-05,3.69E-02,,,,
27,1.00E+08,38,100,5,20,1,8,pass,87.53,4.38E-02,1.76E-02,1.312,1.153,4.60E-03,4.97E-05,3.70E-02,,,,
27,1.00E+08,38,100,7,20,1,8,pass,87.52,4.41E-02,1.76E-02,1.312,1.152,4.85E-03,2.59E-05,3.71E-02,,,,
27,1.00E+08,38,100,9,20,1,8,pass,87.45,4.43E-02,1.75E-02,1.313,1.153,5.10E-03,6.86E-06,3.70E-02,,,,
27,1.00E+08,38,100,11,20,1,8,pass,87.45,4.45E-02,1.76E-02,1.312,1.152,5.35E-03,1.16E-07,3.70E-02,,,,
27,1.00E+08,38,100,13,20,1,8,pass,87.42,4.41E-02,1.74E-02,1.313,1.152,5.61E-03,9.15E-06,3.71E-02,,,,
27,1.00E+08,38,100,15,20,1,8,pass,87.38,4.42E-02,1.74E-02,1.313,1.152,5.86E-03,2.03E-05,3.70E-02,,,,
,,,,,,,,,,,,,,,,,,,,
27,1.00E+08,38,100,8,20,1.25,8,pass,87.45,3.25E-02,1.32E-02,1.079,9.48E-01,5.03E-03,1.15E-05,2.45E-02,,,,
27,1.00E+08,38,100,8,20,1.5,8,pass,86.95,2.58E-02,1.09E-02,9.21E-01,8.05E-01,5.04E-03,8.86E-06,1.73E-02,,,,
27,1.00E+08,38,100,8,20,2,8,pass,85.53,1.88E-02,9.05E-03,7.17E-01,6.18E-01,5.03E-03,6.86E-06,9.98E-03,,,,
27,1.00E+08,38,100,8,20,2.5,8,fail,83.81,1.52E-02,8.35E-03,5.93E-01,5.02E-01,5.03E-03,2.23E-06,6.50E-03,,,,
27,5.00E+07,38,100,8,20,1.25,8,pass,85.51,2.98E-02,2.44E-02,1.099,9.42E-01,2.50E-03,2.03E-04,2.38E-02,,,,
27,5.00E+07,38,100,8,20,1.5,8,fail,84.57,2.45E-02,2.18E-02,9.42E-01,7.99E-01,2.53E-03,2.01E-04,1.68E-02,,,,
27,5.00E+07,38,100,8,20,2,8,fail,82.36,1.93E-02,1.96E-02,7.41E-01,6.12E-01,2.55E-03,1.88E-04,9.67E-03,,,,
27,5.00E+07,38,100,8,20,2.5,8,fail,79.92,1.67E-02,1.86E-02,6.18E-01,4.96E-01,2.57E-03,1.84E-04,6.22E-03,,,,
27,1.50E+08,38,100,8,20,1.25,8,pass,85.43,4.87E-02,1.38E-02,1.11,9.55E-01,7.48E-03,7.04E-05,2.47E-02,,,,
27,1.50E+08,38,100,8,20,1.5,8,fail,84.8,3.99E-02,1.23E-02,9.50E-01,8.12E-01,7.49E-03,8.25E-05,1.76E-02,,,,
27,1.50E+08,38,100,8,20,2,8,fail,83.05,3.02E-02,1.12E-02,7.45E-01,6.25E-01,7.49E-03,8.67E-05,1.02E-02,,,,
27,1.50E+08,38,100,8,20,2.5,8,fail,81.02,2.52E-02,1.11E-02,6.19E-01,5.08E-01,7.48E-03,9.93E-05,6.68E-03,,,,
